timestamp,Left Shoulder,Right Shoulder,Left Elbow,Right Elbow,Left Wrist,Right Wrist,average_similarity
0.00,57.49,56.50,59.42,58.31,51.81,59.85,57.23
0.03,66.83,68.38,70.44,71.84,66.29,70.18,68.99
0.07,70.03,68.50,76.08,72.57,69.18,72.50,71.48
0.10,69.47,67.94,74.97,72.30,67.62,72.38,70.78
0.13,69.04,67.26,74.29,70.68,66.84,71.47,69.93
0.17,29.62,29.34,28.36,26.82,26.27,24.66,27.51
0.20,67.07,65.58,68.11,67.93,61.57,65.71,66.00
0.23,62.75,60.25,62.61,62.51,56.25,61.14,60.92
0.27,58.01,56.29,57.11,57.88,51.42,56.39,56.18
0.30,61.10,58.45,60.51,60.69,54.59,59.50,59.14
0.33,63.61,60.33,63.97,62.61,57.73,62.73,61.83
0.37,65.58,62.24,66.15,65.29,59.96,65.91,64.19
0.40,66.43,63.22,68.40,66.42,61.58,66.80,65.48
0.43,67.59,63.29,69.46,67.30,62.48,67.78,66.32
0.47,66.50,62.67,68.62,66.50,62.02,66.49,65.47
0.50,66.95,63.45,69.32,67.24,62.68,68.04,66.28
0.53,65.71,63.27,66.58,65.82,59.97,66.42,64.63
0.57,62.91,59.48,61.87,61.93,56.26,64.16,61.10
0.60,54.69,52.10,52.96,54.22,47.04,54.32,52.56
0.63,54.10,51.47,51.60,53.71,46.23,54.11,51.87
0.67,4.44,4.17,3.71,3.55,3.32,3.16,3.72
0.70,26.48,25.93,23.18,23.96,23.06,22.64,24.21
0.73,45.63,32.45,42.44,27.98,36.54,25.72,35.13
0.77,12.54,12.44,10.77,11.36,9.12,10.49,11.12
0.80,34.53,33.70,30.47,32.77,26.43,31.53,31.57
0.83,49.14,47.51,45.32,47.93,40.10,47.16,46.19
0.87,54.13,52.13,50.93,53.22,45.05,53.05,51.42
0.90,54.21,52.20,51.02,53.35,45.08,53.43,51.55
0.93,56.94,54.64,54.36,56.39,48.22,56.49,54.51
0.97,57.77,55.38,55.47,57.37,49.21,57.55,55.46
1.00,57.80,55.38,55.62,57.47,49.31,57.80,55.56
1.03,59.33,56.80,57.64,59.25,51.07,59.65,57.29
1.07,62.27,59.56,61.74,62.55,54.55,62.90,60.60
1.10,64.26,61.45,64.68,64.81,57.07,65.20,62.91
1.13,64.71,61.86,65.51,65.34,57.73,65.72,63.48
1.17,65.04,62.11,65.87,65.46,57.99,65.99,63.74
1.20,65.40,62.47,66.52,65.80,58.56,66.29,64.17
1.23,64.97,62.22,65.98,65.38,58.14,65.75,63.74
1.27,64.42,61.54,65.41,64.97,57.72,65.47,63.26
1.30,64.06,61.15,65.05,64.66,57.47,65.20,62.93
1.33,63.77,60.88,64.73,64.48,57.39,65.12,62.73
1.37,63.85,61.02,64.94,64.68,57.64,65.33,62.91
1.40,64.20,61.40,65.45,65.12,58.06,65.77,63.33
1.43,64.25,61.45,65.55,65.20,58.16,65.81,63.40
1.47,64.35,61.57,65.66,65.36,58.27,65.99,63.53
1.50,64.07,61.26,65.16,65.04,57.61,65.70,63.14
1.53,63.91,61.13,64.84,64.89,57.20,65.56,62.92
1.57,63.76,61.06,64.59,64.78,56.93,65.61,62.79
1.60,62.71,60.08,63.07,63.55,55.53,64.46,61.57
1.63,62.49,59.79,62.62,63.17,55.06,64.18,61.22
1.67,61.62,59.05,61.37,62.13,53.97,63.33,60.25
1.70,61.50,58.99,61.33,62.03,53.78,63.33,60.16
1.73,62.07,59.42,62.15,62.62,54.29,63.71,60.71
1.77,62.01,59.42,62.05,62.59,54.52,63.68,60.71
1.80,58.06,55.83,57.04,58.34,51.09,59.62,56.66
1.83,57.45,55.27,56.03,57.70,50.68,59.17,56.05
1.87,55.28,53.37,53.36,55.24,49.78,53.82,53.48
1.90,56.72,54.87,54.79,56.83,52.23,55.07,55.09
1.93,60.64,58.52,59.13,60.50,59.09,57.96,59.31
1.97,62.11,60.00,61.81,64.97,67.95,72.92,64.96
2.00,63.10,60.94,62.96,65.72,74.22,76.87,67.30
2.03,65.15,62.48,65.89,68.24,80.68,90.35,72.13
2.07,65.46,62.70,66.14,68.22,78.95,93.45,72.49
2.10,65.76,62.93,66.21,68.34,77.22,92.48,72.16
2.13,66.54,63.48,67.26,68.79,75.11,89.53,71.79
2.17,67.63,64.31,68.94,69.61,73.73,86.86,71.85
2.20,68.07,64.22,69.28,68.64,73.20,84.56,71.33
2.23,67.16,62.16,67.59,65.32,71.47,75.48,68.20
2.27,47.73,45.68,45.92,43.72,43.14,49.59,45.96
2.30,48.35,46.22,46.89,44.90,46.49,51.22,47.35
2.33,50.84,48.39,47.93,46.74,47.54,48.35,48.30
2.37,50.76,49.17,48.06,53.49,50.15,77.32,54.83
2.40,54.07,52.26,53.70,66.16,54.46,84.12,60.79
2.43,54.81,53.01,55.81,75.50,56.06,83.46,63.11
2.47,57.68,56.04,59.75,79.42,57.58,80.38,65.14
2.50,59.65,58.05,60.84,79.22,58.30,65.56,63.60
2.53,61.98,60.31,62.62,70.88,57.54,61.02,62.39
2.57,62.55,60.79,58.58,71.54,58.30,63.55,62.55
2.60,62.74,60.36,55.07,71.19,67.34,74.00,65.12
2.63,64.55,61.98,55.03,66.49,64.98,71.42,64.07
2.67,66.01,63.35,55.58,64.44,68.52,74.71,65.44
2.70,66.03,63.33,54.74,62.29,67.87,69.85,64.02
2.73,66.61,63.41,54.24,60.89,61.53,65.66,62.06
2.77,65.84,62.88,53.38,61.04,58.88,65.81,61.31
2.80,65.71,63.04,53.76,61.13,58.13,63.70,60.91
2.83,65.51,62.98,53.51,60.46,57.83,64.80,60.85
2.87,65.46,63.04,53.89,60.18,58.17,60.06,60.13
2.90,65.47,62.98,53.74,58.21,57.15,59.10,59.44
2.93,64.96,62.57,52.81,58.44,56.29,60.60,59.28
2.97,64.15,62.02,52.60,58.62,56.66,61.13,59.20
3.00,63.61,61.33,51.67,58.72,55.26,61.35,58.66
3.03,63.68,61.24,52.27,57.82,55.71,56.77,57.92
3.07,63.60,61.10,52.48,57.30,54.48,55.20,57.36
3.10,63.95,61.19,52.99,57.13,53.53,56.46,57.54
3.13,63.04,60.51,51.76,58.22,52.76,57.03,57.22
3.17,62.60,60.34,52.63,58.30,53.36,56.55,57.30
3.20,62.40,60.21,52.48,57.51,53.35,54.07,56.67
3.23,62.43,60.27,51.08,57.37,52.32,54.03,56.25
3.27,62.56,60.40,49.19,54.22,48.79,50.29,54.24
3.30,62.63,60.47,47.15,49.92,44.50,44.96,51.61
3.33,62.61,60.51,48.29,50.62,49.50,48.27,53.30
3.37,62.90,60.90,47.66,49.95,49.47,46.59,52.91
3.40,63.12,61.34,48.15,47.56,47.98,43.84,52.00
3.43,64.46,62.67,48.05,44.67,46.29,42.36,51.42
3.47,66.34,64.65,50.83,46.44,49.70,43.84,53.63
3.50,67.47,65.71,47.49,47.38,43.65,45.50,52.87
3.53,44.77,44.25,31.81,43.52,34.94,43.06,40.39
3.57,44.19,43.66,33.47,46.93,35.38,44.64,41.38
3.60,16.68,16.64,14.29,16.25,15.98,17.43,16.21
3.63,25.69,25.29,21.83,26.62,25.17,29.94,25.76
3.67,23.26,22.89,21.84,25.21,25.38,28.77,24.56
3.70,30.83,29.84,27.70,34.97,33.00,38.52,32.48
3.73,6.04,6.00,6.84,6.77,7.68,7.52,6.81
3.77,45.05,33.22,51.11,34.62,52.72,42.71,43.24
3.80,38.66,27.53,50.71,29.02,50.98,38.03,39.15
3.83,7.27,7.27,8.05,8.30,10.21,8.88,8.33
3.87,38.15,37.80,38.37,56.73,41.70,52.05,44.13
3.90,48.93,47.76,48.42,71.86,54.60,69.88,56.91
3.93,4.90,4.93,5.44,5.65,6.06,6.34,5.55
3.97,21.21,21.06,21.65,30.27,25.05,28.07,24.55
4.00,37.17,36.45,36.04,55.70,40.32,49.31,42.50
4.03,30.03,29.62,29.09,42.69,33.00,39.43,33.98
4.07,4.55,4.57,4.96,5.28,5.25,5.99,5.10
4.10,37.77,37.38,31.16,51.21,34.37,48.24,40.02
4.13,45.28,44.33,36.24,53.11,40.86,53.79,45.60
4.17,56.38,54.66,45.42,57.41,52.32,56.93,53.85
4.20,56.46,54.59,46.18,58.06,52.47,57.71,54.24
4.23,56.22,54.45,46.40,58.53,53.61,60.14,54.89
4.27,56.61,54.79,46.95,58.83,53.68,60.03,55.15
4.30,57.25,55.37,47.76,59.00,54.33,60.17,55.65
4.33,58.43,56.57,48.15,55.46,53.66,58.43,55.12
4.37,58.64,57.01,48.49,55.50,53.74,58.82,55.37
4.40,59.36,57.40,49.80,53.34,54.48,59.22,55.60
4.43,59.73,57.44,50.25,52.19,55.52,59.58,55.79
4.47,9.38,9.37,9.69,10.05,10.54,11.79,10.14
4.50,1.02,1.01,1.10,1.08,1.16,1.23,1.10
4.53,34.91,34.54,29.80,38.00,33.47,36.29,34.50
4.57,62.93,60.54,47.91,47.30,49.70,48.59,52.83
4.60,5.66,5.69,5.98,6.53,6.11,6.77,6.12
4.63,58.89,59.16,46.65,46.90,45.12,44.69,50.23
4.67,57.99,57.10,45.92,45.48,44.86,45.18,49.42
4.70,57.50,56.38,45.12,44.66,44.31,45.05,48.84
4.73,63.41,61.21,48.97,44.75,46.38,44.05,51.46
4.77,65.62,63.32,49.42,44.76,46.62,45.07,52.47
4.80,70.56,68.36,54.58,46.39,51.20,44.28,55.90
4.83,71.25,67.97,54.35,46.64,51.84,45.82,56.31
4.87,67.85,64.10,50.84,48.53,50.85,49.06,55.20
4.90,63.58,60.38,47.56,46.21,47.97,50.74,52.74
4.93,61.66,58.67,46.28,45.40,47.39,51.23,51.77
4.97,61.51,58.45,46.32,44.94,51.17,52.39,52.46
5.00,63.54,60.50,47.82,45.48,54.30,54.46,54.35
5.03,67.11,64.19,50.36,46.45,57.77,55.49,56.89
5.07,69.36,66.61,51.95,47.27,61.17,53.56,58.32
5.10,71.06,68.50,53.15,47.80,63.30,54.46,59.71
5.13,72.04,69.63,53.95,48.19,64.73,54.57,60.52
5.17,71.85,69.33,53.86,48.41,67.31,56.48,61.20
5.20,71.76,69.16,54.06,48.50,67.35,57.08,61.32
5.23,71.80,69.27,54.35,48.65,67.53,57.80,61.57
5.27,72.22,69.98,55.34,49.15,68.68,59.53,62.48
5.30,72.36,70.17,55.98,49.78,68.87,60.18,62.89
5.33,71.87,69.74,55.89,50.24,67.90,61.22,62.81
5.37,71.14,69.19,55.53,50.72,66.08,61.60,62.38
5.40,70.53,68.74,56.37,51.55,65.18,61.77,62.36
5.43,70.35,68.68,57.88,53.45,64.85,62.02,62.87
5.47,70.06,68.33,59.03,55.52,64.22,62.13,63.22
5.50,69.58,67.74,59.91,56.85,63.60,63.03,63.45
5.53,70.12,67.79,61.42,58.44,63.82,64.19,64.30
5.57,70.28,67.68,62.42,59.06,64.09,64.51,64.67
5.60,70.47,67.66,63.05,59.28,64.40,64.66,64.92
5.63,70.43,67.53,63.86,59.46,64.61,64.87,65.13
5.67,70.44,67.51,64.24,59.72,65.18,65.12,65.37
5.70,70.60,67.49,65.18,59.93,65.76,65.32,65.71
5.73,70.49,67.21,65.36,59.82,66.19,65.53,65.77
5.77,70.52,66.83,65.39,59.59,66.10,65.65,65.68
5.80,70.16,66.15,65.90,59.30,66.28,66.13,65.65
5.83,69.81,65.65,66.35,59.15,66.51,66.40,65.65
5.87,69.52,65.09,66.68,58.96,67.32,66.42,65.66
5.90,69.10,64.55,66.94,58.77,67.22,66.44,65.50
5.93,68.76,64.13,66.97,58.56,66.96,66.51,65.31
5.97,68.65,64.01,67.15,58.43,66.79,66.53,65.26
6.00,68.19,63.62,67.01,58.19,66.29,66.39,64.95
6.03,68.05,63.50,66.86,58.08,66.03,66.30,64.81
6.07,67.99,63.44,66.81,58.03,65.94,66.18,64.73
6.10,67.88,63.34,66.75,57.95,65.50,66.02,64.57
6.13,67.67,63.17,66.61,57.74,65.22,65.93,64.39
6.17,67.25,62.80,66.37,57.43,64.82,65.77,64.08
6.20,66.65,62.21,66.11,57.13,64.46,65.52,63.68
6.23,66.18,61.68,65.84,56.90,64.14,65.10,63.31
6.27,65.95,61.28,65.39,56.65,64.00,64.89,63.03
6.30,66.40,61.45,65.63,56.56,61.38,65.01,62.74
6.33,65.95,60.98,65.30,55.76,60.46,64.40,62.14
6.37,66.14,61.10,65.53,55.82,61.50,64.70,62.47
6.40,64.27,59.61,63.97,54.76,61.93,64.49,61.50
6.43,62.79,58.43,62.75,53.98,61.74,64.09,60.63
6.47,62.21,57.97,61.94,53.67,61.55,63.76,60.18
6.50,61.93,57.70,61.43,53.52,61.34,63.40,59.88
6.53,61.87,57.66,60.69,53.53,60.60,63.04,59.57
6.57,61.30,57.16,59.97,53.17,59.78,62.17,58.92
6.60,59.33,55.44,58.39,51.96,58.99,60.40,57.42
6.63,59.31,55.45,58.37,52.04,60.03,60.48,57.61
6.67,58.94,55.14,57.81,51.94,59.64,60.70,57.36
6.70,40.62,39.06,45.14,39.64,44.28,45.60,42.39
6.73,47.09,44.94,48.65,44.39,47.95,53.86,47.81
6.77,51.06,48.44,51.10,46.93,51.41,56.94,50.98
6.80,53.65,50.70,52.84,48.52,53.44,58.48,52.94
6.83,53.52,50.63,52.37,48.54,53.79,58.08,52.82
6.87,53.36,50.51,52.72,48.13,55.32,57.58,52.94
6.90,53.42,50.61,52.81,47.02,56.94,56.80,52.94
6.93,53.75,50.98,52.83,47.27,56.39,57.64,53.14
6.97,53.79,51.09,52.73,47.06,57.19,55.69,52.93
7.00,51.55,49.08,51.98,45.64,57.91,54.85,51.83
7.03,53.72,50.97,54.16,49.28,59.67,60.07,54.64
7.07,56.29,53.22,56.59,51.61,61.80,62.29,56.97
7.10,58.68,55.43,58.78,53.76,64.68,64.42,59.29
7.13,58.67,55.55,58.54,54.70,63.56,63.12,59.02
7.17,55.41,52.73,55.30,52.81,59.79,60.51,56.09
7.20,54.72,52.20,54.24,52.50,58.38,60.10,55.36
7.23,53.74,51.30,53.25,51.85,57.55,59.31,54.50
7.27,50.03,47.92,50.22,48.80,55.88,55.22,51.35
7.30,50.36,48.27,50.47,49.19,55.75,52.85,51.15
7.33,29.79,29.40,30.33,27.48,33.97,31.09,30.34
7.37,12.33,12.43,13.27,12.10,14.09,12.95,12.86
7.40,27.99,28.03,28.86,30.16,31.83,28.63,29.25
7.43,33.13,32.99,34.21,34.51,37.36,34.45,34.44
7.47,31.52,31.46,35.58,30.61,36.34,34.26,33.30
7.50,38.60,38.21,40.80,38.08,43.36,43.35,40.40
7.53,42.02,41.36,44.22,41.39,46.79,47.23,43.84
7.57,47.55,46.38,48.44,45.82,51.49,53.39,48.84
7.60,52.37,50.77,52.73,49.51,55.74,58.19,53.22
7.63,55.27,53.30,55.36,51.19,57.57,60.77,55.58
7.67,55.61,53.50,55.65,51.20,57.81,61.03,55.80
7.70,55.48,53.29,55.56,50.99,58.08,60.97,55.73
7.73,55.20,53.00,55.54,49.17,58.16,60.84,55.32
7.77,55.02,52.79,55.47,49.90,58.12,60.54,55.31
7.80,55.07,52.82,55.60,50.51,58.40,60.55,55.49
7.83,56.09,53.75,56.60,51.22,59.71,61.09,56.41
7.87,56.37,54.06,56.80,51.68,60.18,61.33,56.74
7.90,56.30,54.04,56.71,50.53,60.47,61.26,56.55
7.93,56.44,54.19,56.85,51.07,60.85,61.40,56.80
7.97,56.11,53.94,56.42,49.89,60.78,61.07,56.37
8.00,56.12,54.02,56.45,49.74,60.73,61.03,56.35
8.03,55.82,53.80,56.20,49.48,60.62,60.95,56.15
8.07,56.16,54.20,56.48,50.80,60.87,61.32,56.64
8.10,56.14,54.26,56.45,50.26,60.37,61.12,56.43
8.13,55.70,53.83,55.69,50.88,59.63,60.18,55.99
8.17,55.67,53.81,55.37,50.78,59.45,59.89,55.83
8.20,55.78,53.90,55.44,52.25,59.06,59.91,56.06
8.23,53.61,51.77,54.16,51.79,57.99,57.65,54.49
8.27,54.65,52.52,55.04,51.72,58.86,60.50,55.55
8.30,52.95,50.74,53.49,46.01,57.60,58.92,53.29
8.33,54.31,51.87,54.59,46.49,58.92,59.23,54.24
8.37,56.04,53.35,56.01,47.34,59.83,60.59,55.53
8.40,56.82,53.94,56.42,47.83,60.13,61.01,56.02
8.43,57.12,54.19,56.64,48.12,60.82,61.17,56.35
8.47,57.46,54.47,56.93,49.70,60.74,61.43,56.79
8.50,57.18,54.33,57.12,50.33,60.40,60.22,56.60
8.53,51.74,49.49,52.44,44.09,55.91,55.00,51.44
8.57,51.49,49.35,52.28,48.53,55.16,56.63,52.24
8.60,48.86,47.02,50.30,47.37,53.70,54.14,50.23
8.63,50.88,48.83,51.89,51.96,54.87,56.33,52.46
8.67,50.29,48.28,52.06,51.06,54.19,57.97,52.31
8.70,50.26,48.26,52.58,47.28,57.28,58.59,52.37
8.73,45.91,44.26,54.24,38.37,54.41,49.04,47.70
8.77,44.84,43.28,52.55,38.25,53.50,48.20,46.77
8.80,43.19,41.82,50.02,37.80,51.43,46.26,45.09
8.83,42.86,41.61,48.54,38.22,50.77,46.24,44.71
8.87,48.99,47.55,51.02,48.33,55.55,52.96,50.73
8.90,52.85,51.26,53.58,53.74,59.39,55.77,54.43
8.93,54.99,53.33,55.10,55.71,60.66,57.24,56.17
8.97,54.52,52.92,54.59,55.28,60.40,59.47,56.19
9.00,55.33,53.68,55.35,55.84,61.67,59.19,56.84
9.03,55.01,53.40,55.25,55.09,61.60,58.50,56.47
9.07,54.93,53.31,55.47,54.89,61.68,58.25,56.42
9.10,51.15,49.73,51.61,52.36,57.18,55.49,52.92
9.13,51.34,49.92,51.40,53.08,56.83,55.28,52.97
9.17,39.43,39.50,39.56,43.07,43.55,43.79,41.48
9.20,45.28,45.29,45.12,48.63,49.74,49.18,47.21
9.23,47.86,47.78,47.65,50.95,52.19,51.22,49.61
9.27,45.14,44.86,45.87,47.61,49.35,49.71,47.09
9.30,21.76,21.90,24.65,22.05,24.31,24.93,23.27
9.33,16.85,17.00,18.56,17.13,18.79,18.67,17.83
9.37,4.59,4.64,4.98,4.68,5.11,4.96,4.83
9.40,4.45,4.50,4.77,4.67,4.92,4.86,4.70
9.43,43.53,30.56,42.94,23.40,48.14,35.29,37.31
9.47,39.36,27.90,40.06,22.91,42.52,31.47,34.04
9.50,39.58,28.06,40.80,24.32,42.05,32.83,34.61
9.53,29.85,21.98,31.58,20.47,31.05,25.82,26.79
9.57,17.30,17.53,17.09,17.84,19.46,19.26,18.08
9.60,26.27,26.55,26.16,25.85,29.68,29.44,27.32
9.63,32.41,32.65,32.00,35.05,36.29,36.69,34.18
9.67,45.20,44.55,44.78,46.19,49.59,50.16,46.74
9.70,45.67,44.52,45.35,45.58,49.71,50.03,46.81
9.73,49.37,47.70,49.23,49.79,53.28,54.12,50.58
9.77,48.74,46.90,48.76,48.96,52.28,51.79,49.57
9.80,50.53,48.44,50.76,50.79,53.88,54.08,51.41
9.83,50.11,48.00,50.31,50.56,53.39,52.70,50.84
9.87,49.29,47.22,49.57,50.00,52.51,52.26,50.14
9.90,46.74,45.34,46.93,48.18,49.90,50.06,47.86
9.93,43.09,42.18,43.29,44.51,46.15,46.85,44.34
9.97,38.07,37.56,38.34,40.48,41.13,41.76,39.56
10.00,36.56,36.19,36.62,39.17,39.61,40.19,38.06
10.03,36.33,35.99,36.28,39.22,39.41,39.90,37.86
10.07,34.77,34.49,34.75,37.83,37.80,38.13,36.29
10.10,43.44,42.50,43.50,45.13,46.59,46.03,44.53
10.13,38.42,37.82,38.72,39.61,41.55,40.75,39.48
10.17,35.57,35.17,36.05,36.74,38.65,37.90,36.68
10.20,31.43,31.30,36.29,30.76,34.40,33.78,32.99
10.23,8.06,8.14,8.81,8.39,8.81,8.94,8.53
10.27,3.43,3.44,3.74,3.52,3.77,3.70,3.60
10.30,6.18,6.27,6.70,6.67,6.83,6.75,6.57
10.33,4.07,4.06,4.45,4.25,4.50,4.43,4.29
10.37,34.15,24.49,36.29,21.14,35.27,26.81,29.69
10.40,14.01,11.93,15.05,12.27,14.14,13.09,13.42
10.43,21.83,22.15,23.52,24.60,22.87,24.14,23.18
10.47,23.39,23.75,25.22,24.35,24.68,25.78,24.53
10.50,50.16,50.05,48.88,48.86,50.89,53.31,50.36
10.53,56.94,55.73,56.35,56.58,56.95,58.84,56.90
10.57,66.16,63.59,67.10,64.46,64.47,67.02,65.46
10.60,66.63,63.64,68.50,64.76,65.72,67.45,66.12
10.63,66.68,63.41,70.47,66.07,65.89,67.17,66.61
10.67,66.77,63.78,71.56,68.77,65.92,65.35,67.02
10.70,66.82,63.95,73.28,70.40,66.03,65.28,67.63
10.73,66.80,64.09,75.60,72.24,66.08,65.39,68.37
10.77,66.09,63.63,76.78,72.64,66.32,65.55,68.50
10.80,66.40,64.14,79.55,73.71,67.74,65.69,69.54
10.83,18.33,14.66,17.52,13.39,17.76,14.89,16.09
10.87,6.61,6.08,6.00,6.27,6.38,6.27,6.27
10.90,2.58,2.60,2.34,2.63,2.61,2.71,2.58
10.93,4.05,4.09,3.71,4.12,4.13,4.23,4.06
10.97,11.24,11.38,11.29,11.36,12.12,11.55,11.49
11.00,24.60,24.69,27.23,22.41,27.72,23.34,25.00
11.03,40.23,39.82,42.60,33.10,40.53,37.72,39.00
11.07,6.31,6.36,6.37,6.30,7.32,6.94,6.60
11.10,11.92,11.99,12.60,11.41,14.18,12.71,12.47
11.13,19.27,19.29,21.62,18.65,24.75,20.53,20.69
11.17,50.52,40.74,37.22,33.78,41.16,37.18,40.10
11.20,17.32,13.82,18.31,14.85,22.29,15.97,17.09
11.23,48.32,48.48,28.88,34.49,32.50,34.11,37.80
11.27,35.57,24.99,36.03,21.48,37.42,19.81,29.21
11.30,16.19,13.41,17.68,12.27,21.85,13.24,15.77
11.33,57.57,58.48,61.76,64.28,49.76,68.36,60.03
11.37,73.39,73.12,85.88,82.43,68.73,74.65,76.37
11.40,73.32,72.86,85.97,83.00,70.65,76.87,77.11
11.43,78.05,75.95,88.87,88.09,70.19,67.89,78.17
11.47,77.60,75.33,89.05,87.01,69.94,70.49,78.24
11.50,77.04,74.72,87.94,86.89,69.05,72.63,78.05
11.53,76.57,74.25,87.08,86.17,70.85,75.12,78.34
11.57,76.32,73.99,86.30,85.84,72.12,77.50,78.68
11.60,76.08,73.80,85.41,85.20,73.30,78.58,78.73
11.63,75.79,73.54,83.83,84.90,74.38,79.70,78.69
11.67,75.79,73.67,81.63,84.99,77.13,81.57,79.13
11.70,75.59,73.58,80.66,84.54,79.21,82.61,79.37
11.73,75.72,73.80,80.10,83.68,83.18,83.96,80.07
11.77,75.57,73.75,79.14,81.19,86.07,84.55,80.04
11.80,75.51,73.74,78.95,79.27,88.11,84.12,79.95
11.83,75.52,73.75,79.02,77.66,93.00,83.79,80.46
11.87,75.16,73.42,78.28,76.18,95.43,80.52,79.83
11.90,75.10,73.34,78.31,75.90,93.67,78.35,79.11
11.93,74.78,72.35,76.16,74.19,95.26,78.65,78.57
11.97,75.49,72.34,76.68,73.79,92.28,73.09,77.28
12.00,76.49,73.08,78.12,72.72,88.71,70.71,76.64
12.03,78.73,75.68,80.03,75.18,85.82,72.52,77.99
12.07,81.08,78.13,80.76,77.23,83.89,75.91,79.50
12.10,81.06,78.05,81.24,76.94,85.94,78.08,80.22
12.13,81.20,77.94,81.45,76.55,87.10,79.82,80.68
12.17,81.22,77.84,81.58,76.23,87.17,80.59,80.77
12.20,81.03,77.82,81.50,75.90,87.88,84.11,81.38
12.23,80.77,77.54,81.46,75.72,87.55,87.16,81.70
12.27,81.16,78.01,80.12,76.19,89.62,87.38,82.08
12.30,81.12,77.98,80.54,76.46,89.35,90.48,82.65
12.33,81.02,77.91,80.94,76.75,89.14,93.45,83.20
12.37,80.97,78.17,81.34,77.44,88.09,95.16,83.53
12.40,80.60,78.01,81.79,77.42,87.35,93.75,83.15
12.43,80.95,78.44,80.49,77.17,86.89,97.40,83.56
12.47,80.97,78.38,80.70,77.85,85.69,96.97,83.43
12.50,80.99,78.37,81.11,78.49,84.03,92.13,82.52
12.53,81.15,78.58,78.45,78.50,85.78,88.48,81.83
12.57,81.29,78.70,77.92,78.19,85.78,88.87,81.79
12.60,81.33,78.43,79.12,79.14,81.87,86.38,81.05
12.63,81.71,78.80,78.20,80.59,77.95,85.16,80.40
12.67,81.53,78.81,78.19,80.63,80.35,86.88,81.07
12.70,81.42,78.75,78.52,78.57,79.51,87.02,80.63
12.73,81.04,78.53,79.99,76.74,86.78,84.61,81.28
12.77,80.63,78.17,79.71,76.90,87.93,84.66,81.33
12.80,80.32,78.07,79.57,75.86,90.47,80.47,80.79
12.83,79.26,77.60,80.09,75.47,90.31,76.28,79.83
12.87,78.90,77.32,80.59,76.15,88.24,77.41,79.77
12.90,78.32,76.89,80.90,79.09,88.86,84.16,81.37
12.93,77.67,76.65,81.01,79.07,95.73,86.68,82.80
12.97,77.53,77.04,82.21,82.49,90.02,92.41,83.62
13.00,77.25,77.15,83.54,83.85,92.63,87.48,83.65
13.03,74.65,75.23,80.13,78.27,93.82,93.15,82.54
13.07,73.04,74.55,78.42,77.35,92.06,90.16,80.93
13.10,71.10,72.70,75.73,74.30,83.99,86.36,77.36
13.13,70.42,71.95,75.03,74.13,76.82,82.84,75.20
13.17,70.59,72.28,76.82,76.83,77.09,78.78,75.40
13.20,71.76,73.45,78.93,76.91,77.47,76.86,75.90
13.23,72.05,73.69,78.10,76.57,75.61,75.40,75.24
13.27,71.88,73.23,77.01,76.90,74.26,75.72,74.83
13.30,70.45,71.39,74.15,75.24,71.60,73.38,72.70
13.33,70.14,71.13,73.24,75.21,72.44,72.91,72.51
13.37,70.42,71.07,72.92,75.26,72.92,74.80,72.90
13.40,70.86,71.19,73.30,75.76,72.83,76.10,73.34
13.43,70.68,70.78,73.01,74.46,72.43,73.21,72.43
13.47,70.28,69.90,72.89,73.15,72.14,72.59,71.82
13.50,70.17,70.29,73.79,73.87,74.35,74.25,72.79
13.53,69.00,69.84,73.38,73.23,74.10,73.92,72.24
13.57,67.94,69.11,72.63,72.52,73.03,73.49,71.45
13.60,68.30,69.29,72.95,72.66,73.05,73.81,71.68
13.63,68.11,69.11,72.44,72.36,71.70,73.40,71.19
13.67,68.42,68.75,72.29,72.28,70.09,73.83,70.94
13.70,68.20,68.32,71.78,71.90,69.13,73.68,70.50
13.73,68.20,68.32,71.83,71.82,68.93,74.05,70.53
13.77,68.19,68.24,71.80,71.63,68.83,74.14,70.47
13.80,68.25,68.16,71.78,71.47,68.68,74.09,70.41
13.83,68.31,67.93,71.52,71.14,68.56,73.81,70.21
13.87,68.42,67.86,71.47,71.14,68.29,73.74,70.15
13.90,68.75,67.77,71.53,71.00,68.23,73.61,70.15
13.93,68.40,67.27,70.72,70.39,67.41,72.86,69.51
13.97,67.60,66.09,68.60,69.02,65.30,71.15,67.96
14.00,66.98,65.58,67.67,68.31,64.16,70.44,67.19
14.03,67.90,66.25,69.34,68.91,65.39,71.14,68.16
14.07,67.21,64.86,68.44,67.32,63.81,69.92,66.93
14.10,70.82,67.09,72.27,73.17,82.37,82.88,74.77
14.13,70.99,67.27,72.66,73.39,82.24,82.70,74.87
14.17,71.22,67.50,73.02,73.70,82.87,82.50,75.13
14.20,71.46,67.73,73.39,73.98,82.74,82.28,75.26
14.23,71.42,67.73,73.31,74.03,82.78,82.27,75.26
14.27,71.21,67.62,72.99,74.00,82.95,82.42,75.20
14.30,70.63,67.16,71.90,73.67,84.06,83.23,75.11
14.33,70.37,66.95,71.49,73.47,83.77,83.73,74.96
14.37,70.22,66.80,71.19,73.23,82.56,84.17,74.69
14.40,72.27,69.24,72.18,75.59,76.54,73.43,73.21
14.43,72.45,69.46,72.66,75.43,76.57,74.83,73.57
14.47,72.21,69.30,72.18,75.40,77.75,75.42,73.71
14.50,72.25,69.28,72.08,75.64,76.91,75.79,73.66
14.53,72.47,69.51,72.25,75.79,75.07,77.06,73.69
14.57,72.85,69.86,72.63,76.01,75.33,77.77,74.08
14.60,73.23,70.25,73.17,75.52,74.64,80.56,74.56
14.63,73.79,70.54,73.86,75.39,74.18,80.15,74.65
14.67,74.67,71.05,74.82,75.05,74.45,78.66,74.78
14.70,75.70,71.73,75.98,74.03,77.47,79.94,75.81
14.73,76.05,72.05,76.56,73.80,79.14,79.26,76.14
14.77,76.34,72.33,77.19,73.25,79.51,77.21,75.97
14.80,76.46,72.37,77.26,73.21,81.54,79.29,76.69
14.83,76.71,72.63,76.93,72.79,80.49,72.81,75.39
14.87,75.07,71.71,72.89,73.76,78.07,73.54,74.17
14.90,75.88,72.88,72.69,72.89,71.80,71.52,72.94
14.93,76.61,73.87,73.48,70.32,67.57,64.74,71.10
14.97,71.68,69.80,65.88,74.07,55.80,59.48,66.12
15.00,67.41,67.21,59.18,63.48,49.19,49.96,59.41
15.03,69.33,67.84,54.23,57.48,51.82,47.09,57.97
15.07,51.55,44.48,45.93,40.36,47.11,46.46,45.98
15.10,3.39,3.36,2.93,3.29,3.39,3.30,3.28
15.13,7.09,7.07,6.61,6.90,7.16,7.09,6.99
15.17,49.32,48.90,38.11,52.56,42.88,51.92,47.28
15.20,54.68,53.81,40.68,52.00,43.77,50.16,49.18
15.23,52.49,40.83,54.72,44.80,60.41,56.14,51.56
15.27,31.20,30.43,26.51,40.77,34.85,33.26,32.84
15.30,40.87,39.63,34.51,56.84,43.92,48.79,44.09
15.33,52.68,50.47,44.36,67.49,54.45,65.63,55.85
15.37,50.58,49.08,42.70,72.32,51.95,66.54,55.53
15.40,19.78,19.60,17.49,21.96,21.06,24.24,20.69
15.43,21.83,21.43,19.73,25.23,24.23,29.63,23.68
15.47,37.11,36.26,34.10,57.04,39.71,70.71,45.82
15.50,43.56,42.54,41.29,86.15,43.86,81.86,56.54
15.53,42.87,41.86,42.67,81.95,43.00,78.15,55.08
15.57,46.05,44.99,46.63,92.05,46.84,71.02,57.93
15.60,46.35,45.34,48.52,79.40,50.07,66.97,56.11
15.63,52.22,51.25,54.68,71.11,52.64,58.60,56.75
15.67,50.64,49.94,53.58,68.36,55.73,48.50,54.46
15.70,54.71,54.17,57.38,60.82,60.97,45.44,55.58
15.73,53.22,52.39,57.35,63.63,67.91,46.08,56.76
15.77,51.67,50.80,55.24,80.44,65.33,66.32,61.63
15.80,54.18,53.26,56.86,94.29,65.27,76.21,66.68
15.83,56.94,55.83,57.35,80.14,70.08,63.69,64.00
15.87,61.20,59.91,61.01,77.70,81.44,70.87,68.69
15.90,69.41,67.39,66.67,71.66,78.35,81.91,72.56
15.93,70.37,68.09,67.36,69.30,79.33,80.71,72.53
15.97,72.14,69.67,70.01,67.76,89.66,81.00,75.04
16.00,72.68,70.18,70.37,67.66,92.02,80.95,75.64
16.03,73.05,70.22,70.28,68.66,92.81,78.93,75.66
16.07,74.56,73.02,70.95,68.11,93.46,80.57,76.78
16.10,76.03,74.70,70.47,66.63,89.94,79.42,76.20
16.13,76.37,75.59,70.04,66.59,84.67,78.21,75.24
16.17,76.67,75.65,70.31,66.99,85.93,78.46,75.67
16.20,76.92,75.82,70.58,68.78,84.88,77.38,75.73
16.23,77.91,77.27,73.27,68.29,83.67,76.13,76.09
16.27,79.25,78.91,79.17,67.76,80.81,73.63,76.59
16.30,79.09,78.86,78.78,71.23,81.05,76.10,77.52
16.33,80.05,79.20,81.85,69.25,78.52,73.95,77.14
16.37,79.94,77.84,78.97,64.98,76.09,69.93,74.63
16.40,79.58,77.44,78.13,63.49,77.28,68.38,74.05
16.43,78.93,77.34,76.02,63.34,80.09,67.07,73.80
16.47,77.57,76.29,73.56,64.27,80.15,68.29,73.36
16.50,77.05,75.52,72.64,64.45,80.68,68.23,73.09
16.53,77.11,75.53,71.30,65.85,80.60,67.14,72.92
16.57,77.17,75.52,71.27,65.36,84.49,66.56,73.40
16.60,77.55,75.68,70.89,65.68,88.84,64.85,73.92
16.63,77.33,75.57,70.49,65.94,89.80,65.06,74.03
16.67,77.21,76.11,70.59,67.53,89.68,67.12,74.71
16.70,77.20,76.59,69.57,67.70,86.59,65.40,73.84
16.73,77.34,76.87,68.63,68.29,83.90,66.27,73.55
16.77,77.16,77.10,67.92,67.95,81.56,66.16,72.97
16.80,76.97,77.03,68.59,67.36,76.65,66.19,72.13
16.83,76.83,76.81,65.45,66.05,77.98,67.04,71.69
16.87,76.18,75.66,66.26,64.50,88.93,69.97,73.58
16.90,75.48,74.64,66.46,64.57,91.10,72.65,74.15
16.93,74.38,73.45,66.50,64.66,89.87,74.72,73.93
16.97,74.34,73.18,66.39,65.12,86.68,74.11,73.30
17.00,75.01,73.41,67.38,66.58,80.61,71.72,72.45
17.03,74.58,72.94,67.50,66.80,78.13,70.64,71.77
17.07,74.51,72.71,68.13,67.99,75.50,69.45,71.38
17.10,74.17,72.42,68.17,68.33,75.67,70.91,71.61
17.13,73.74,72.29,67.90,69.54,75.66,70.74,71.64
17.17,73.13,71.79,67.74,69.84,76.38,71.89,71.80
17.20,72.04,70.94,67.76,69.89,76.67,71.04,71.39
17.23,68.72,68.39,64.79,68.08,77.98,75.17,70.52
17.27,64.49,64.04,63.56,66.74,76.85,74.91,68.43
17.30,66.93,66.66,65.98,70.56,81.62,76.46,71.37
17.33,63.26,62.82,64.31,68.19,79.36,80.08,69.67
17.37,9.64,8.54,11.28,9.20,11.27,11.26,10.20
17.40,0.90,0.90,0.89,1.06,1.03,1.06,0.98
17.43,12.28,10.57,14.18,10.85,13.98,13.15,12.50
17.47,31.46,31.83,31.69,35.33,36.41,37.76,34.08
17.50,59.58,60.14,60.08,58.96,71.85,69.81,63.40
17.53,72.19,72.02,69.15,66.15,78.95,78.92,72.90
17.57,72.28,71.88,69.54,66.36,78.96,79.35,73.06
17.60,71.67,71.25,69.32,66.11,78.80,79.30,72.74
17.63,71.49,70.98,69.74,65.92,79.25,79.51,72.81
17.67,71.13,70.09,69.77,65.38,78.67,79.08,72.35
17.70,70.81,69.51,69.83,65.04,78.78,78.88,72.14
17.73,70.72,69.09,70.74,65.05,78.66,79.04,72.22
17.77,70.31,68.67,70.74,64.78,78.35,78.93,71.96
17.80,70.02,68.32,70.79,64.61,78.75,79.06,71.92
17.83,71.35,68.93,69.68,64.72,77.12,75.52,71.22
17.87,71.18,68.65,69.78,64.71,77.14,75.48,71.16
17.90,70.78,68.24,69.52,64.55,77.16,75.86,71.02
17.93,70.54,68.03,69.50,64.49,77.33,76.37,71.04
17.97,69.93,67.34,69.33,64.23,76.94,76.02,70.63
18.00,69.27,66.64,69.11,64.00,76.55,75.63,70.20
18.03,68.57,65.74,68.86,63.43,76.02,75.03,69.61
18.07,68.32,65.31,68.68,63.12,75.84,74.51,69.30
18.10,67.94,64.87,68.31,62.69,75.45,73.81,68.84
18.13,67.67,64.60,68.15,62.50,75.32,73.48,68.62
18.17,67.86,64.64,68.29,62.31,75.67,73.26,68.67
18.20,67.86,64.52,68.37,62.25,75.76,72.89,68.61
18.23,67.80,64.25,68.38,61.98,75.78,72.60,68.46
18.27,67.72,63.94,68.37,61.64,75.80,72.48,68.32
18.30,67.66,63.68,68.37,61.47,75.92,72.64,68.29
18.33,67.51,63.56,68.18,61.30,75.87,72.53,68.16
18.37,64.11,60.02,61.05,55.94,70.07,66.36,62.93
18.40,70.01,64.30,65.01,57.76,72.76,60.62,65.08
18.43,66.03,60.78,60.29,53.55,56.52,57.76,59.16
18.47,68.36,63.36,61.32,56.71,61.91,58.78,61.74
18.50,66.47,62.03,61.06,56.49,62.41,61.13,61.60
18.53,65.23,61.28,60.14,56.43,61.55,62.50,61.19
18.57,64.52,60.76,59.36,55.95,62.34,63.60,61.09
18.60,64.41,60.01,59.14,55.65,63.17,64.26,61.11
18.63,63.87,59.40,59.00,54.98,62.83,63.34,60.57
18.67,62.82,58.35,58.51,54.34,62.14,63.86,60.00
18.70,59.86,55.84,56.49,52.38,60.07,63.06,57.95
18.73,55.65,52.23,53.54,47.25,58.20,57.39,54.04
18.77,57.73,53.76,55.56,49.22,60.30,58.88,55.91
18.80,59.48,55.00,57.52,50.40,62.84,60.32,57.59
18.83,59.33,54.91,57.37,50.62,63.95,60.84,57.84
18.87,60.39,55.93,58.39,51.51,65.66,61.71,58.93
18.90,61.41,56.89,59.27,52.46,66.84,62.52,59.90
18.93,62.12,57.49,60.01,52.98,68.12,63.25,60.66
18.97,62.49,57.79,60.28,53.35,68.72,63.64,61.05
19.00,63.15,58.18,61.05,53.71,69.13,63.93,61.52
19.03,64.04,58.75,61.95,54.15,69.28,64.76,62.16
19.07,64.55,59.12,62.56,54.60,69.19,65.16,62.53
19.10,64.48,59.02,62.56,54.49,69.04,64.97,62.43
19.13,63.67,58.32,61.97,53.93,68.34,64.31,61.76
19.17,59.51,54.84,58.73,51.33,64.68,61.79,58.48
19.20,54.34,50.47,54.08,45.14,59.77,57.73,53.59
19.23,51.40,47.95,51.70,42.08,57.19,54.86,50.86
19.27,40.86,38.74,41.30,34.85,46.43,44.54,41.12
19.30,6.79,6.80,7.15,6.88,7.68,7.52,7.14
19.33,6.46,6.52,6.84,6.67,7.35,7.13,6.83
19.37,10.69,10.79,11.35,10.95,12.21,11.84,11.30
19.40,14.04,14.16,14.98,14.33,16.03,15.60,14.86
19.43,31.04,30.83,32.15,31.69,35.66,34.13,32.58
19.47,37.05,36.34,38.39,35.71,42.07,40.02,38.26
19.50,7.25,7.31,7.85,7.43,8.34,7.98,7.69
19.53,10.79,10.87,11.48,10.99,12.37,11.79,11.38
19.57,23.02,17.76,25.55,16.23,25.41,20.05,21.34
19.60,3.38,3.28,3.73,3.37,3.81,3.62,3.53
19.63,18.56,18.83,19.82,20.54,21.51,19.34,19.77
19.67,20.16,20.47,21.81,21.64,23.32,20.78,21.36
19.70,23.60,23.95,25.75,24.11,27.29,24.29,24.83
19.73,42.30,42.04,43.13,42.54,47.93,44.01,43.66
19.77,48.95,47.86,49.08,47.96,53.42,51.62,49.82
19.80,48.82,47.36,48.74,46.77,52.67,50.08,49.07
19.83,50.49,48.72,50.39,47.36,53.85,52.22,50.50
19.87,45.14,44.09,46.41,38.54,49.07,47.17,45.07
19.90,30.91,30.61,33.16,27.20,33.83,32.28,31.33
19.93,10.99,9.60,11.83,9.20,11.91,10.58,10.69
19.97,30.94,22.97,31.70,19.67,32.33,25.53,27.19
20.00,49.84,42.40,39.33,30.41,58.72,50.44,45.19
20.03,33.86,24.84,34.06,21.70,36.16,27.61,29.71
20.07,27.13,27.24,26.92,24.81,31.06,29.06,27.70
20.10,33.56,33.28,36.82,30.59,38.72,37.68,35.11
20.13,48.90,47.78,49.78,44.39,53.52,52.43,49.47
20.17,54.98,53.12,55.27,49.29,57.24,56.43,54.39
20.20,54.33,52.43,54.81,50.36,56.48,55.44,53.98
20.23,62.20,59.63,61.51,56.81,62.52,63.42,61.01
20.27,62.29,59.67,61.27,56.64,62.29,63.66,60.97
20.30,58.03,55.63,57.80,53.60,59.41,60.20,57.45
20.33,56.88,54.51,56.77,53.05,58.34,58.29,56.30
20.37,56.89,54.37,56.59,53.19,59.01,59.60,56.61
20.40,55.99,53.49,56.03,52.43,58.73,59.31,56.00
20.43,56.49,53.92,56.36,53.04,59.15,60.08,56.51
20.47,56.73,54.15,56.58,53.39,59.63,60.53,56.83
20.50,56.98,54.43,56.78,53.71,59.82,60.81,57.09
20.53,57.44,54.90,57.25,54.39,60.29,59.85,57.35
20.57,58.54,56.01,58.41,55.63,61.52,60.41,58.42
20.60,59.19,56.63,58.92,56.07,62.21,61.36,59.06
20.63,59.67,57.04,59.35,56.43,62.68,62.05,59.54
20.67,61.79,58.93,61.14,57.81,64.30,63.34,61.22
20.70,62.59,59.65,61.81,58.34,64.75,63.83,61.83
20.73,62.78,59.68,61.97,58.21,64.64,63.38,61.78
20.77,65.50,62.14,64.28,60.24,66.38,65.78,64.05
20.80,66.68,63.16,65.27,61.18,67.10,66.59,65.00
20.83,67.91,64.13,65.96,61.76,67.42,67.35,65.76
20.87,68.82,64.84,66.52,62.16,67.73,68.31,66.40
20.90,69.52,65.43,67.04,62.56,67.99,68.44,66.83
20.93,70.12,65.91,67.64,63.05,68.29,68.68,67.28
20.97,70.45,66.07,67.96,63.26,68.46,69.65,67.64
21.00,70.62,66.12,68.15,63.35,68.58,70.08,67.82
21.03,70.70,66.10,68.33,63.35,68.73,70.34,67.93
21.07,70.72,66.08,68.41,63.36,68.86,70.01,67.91
21.10,70.41,65.77,68.18,63.15,68.23,69.19,67.49
21.13,69.99,65.31,67.89,62.83,67.92,68.49,67.07
21.17,69.29,64.67,67.47,62.44,68.38,67.90,66.69
21.20,67.48,63.09,66.35,61.29,67.99,67.42,65.60
21.23,67.01,62.67,66.16,60.95,67.58,67.38,65.29
21.27,66.81,62.49,66.05,60.74,67.80,67.52,65.23
21.30,65.66,61.49,65.30,59.98,67.26,66.82,64.42
21.33,65.38,61.26,65.14,59.82,67.13,66.64,64.23
21.37,65.18,61.08,65.00,59.71,66.95,66.13,64.01
21.40,64.65,60.62,64.58,59.36,66.46,65.60,63.54
21.43,63.09,59.25,63.40,58.18,64.61,64.41,62.16
21.47,62.53,58.75,62.94,57.82,63.77,64.04,61.64
21.50,62.83,59.11,63.38,58.18,63.95,63.04,61.75
21.53,62.44,58.71,63.24,58.06,63.46,62.27,61.37
21.57,62.17,58.49,62.96,57.81,63.06,61.67,61.03
21.60,62.54,58.88,63.28,58.14,63.06,61.87,61.29
21.63,62.95,59.38,63.41,58.80,62.97,63.98,61.91
21.67,63.70,60.11,63.61,59.38,62.79,64.25,62.31
21.70,64.41,60.77,63.89,59.71,62.18,63.63,62.43
21.73,64.62,61.00,63.54,59.74,62.00,63.27,62.36
21.77,64.91,61.02,63.99,59.61,62.63,65.19,62.89
21.80,64.47,60.66,65.02,59.46,64.53,65.49,63.27
21.83,63.45,59.75,65.59,57.65,64.23,64.38,62.51
21.87,62.10,58.55,65.91,57.59,64.20,63.39,61.96
21.90,61.51,58.03,66.74,58.38,64.27,62.67,61.93
21.93,61.14,57.65,67.58,58.74,64.00,61.86,61.83
21.97,60.99,57.47,67.90,59.52,63.08,62.80,61.96
22.00,61.56,58.01,69.16,61.14,64.40,62.75,62.83
22.03,60.56,57.09,66.67,58.99,63.26,62.24,61.47
22.07,60.16,56.55,66.68,58.99,63.48,61.63,61.25
22.10,60.09,56.55,67.14,59.55,65.23,62.15,61.78
22.13,63.67,59.74,73.34,63.50,69.66,66.25,66.03
22.17,64.69,60.81,76.16,64.67,72.37,67.40,67.68
22.20,66.32,62.55,78.25,66.26,75.65,71.81,70.14
22.23,68.50,64.89,80.79,70.32,77.97,77.99,73.41
22.27,69.19,65.86,80.40,70.73,80.00,78.54,74.12
22.30,70.85,67.85,84.32,73.30,82.54,81.25,76.69
22.33,71.25,68.41,87.35,74.96,83.50,81.50,77.83
22.37,71.32,68.58,89.71,76.05,84.68,81.34,78.61
22.40,71.44,68.36,91.60,75.25,87.96,83.96,79.76
22.43,71.54,68.48,93.67,76.42,88.87,83.71,80.45
22.47,71.57,68.78,97.06,77.29,89.64,83.63,81.33
22.50,71.77,69.20,98.40,78.66,91.88,83.36,82.21
22.53,71.95,69.63,95.50,79.97,92.91,83.66,82.27
22.57,72.23,69.91,90.93,80.71,94.35,83.49,81.94
22.60,72.43,70.08,89.34,82.01,93.09,83.54,81.75
22.63,72.41,70.13,86.76,82.91,92.92,83.50,81.44
22.67,72.35,70.16,85.54,83.74,91.91,82.53,81.04
22.70,72.46,70.33,83.87,85.08,91.33,82.34,80.90
22.73,72.45,70.38,82.64,85.32,91.37,82.28,80.74
22.77,72.57,70.54,81.60,85.53,90.58,81.06,80.31
22.80,71.32,69.25,79.63,84.82,92.74,81.35,79.85
22.83,70.78,68.68,77.09,83.52,87.61,80.64,78.05
22.87,47.97,46.91,51.49,59.81,60.22,61.73,54.69
22.90,57.33,55.78,62.53,70.75,72.19,72.31,65.15
22.93,60.80,58.94,67.09,73.24,76.35,77.55,68.99
22.97,63.73,61.69,70.02,77.25,74.47,83.88,71.84
23.00,28.36,28.35,37.72,32.29,43.77,35.21,34.28
23.03,22.58,22.72,28.44,26.71,32.73,35.88,28.18
23.07,28.74,28.70,31.39,38.14,35.08,45.21,34.54
23.10,46.04,45.65,50.10,62.75,42.85,81.10,54.75
23.13,57.35,56.41,64.73,79.74,50.94,88.93,66.35
23.17,62.26,60.86,73.81,85.34,56.89,90.25,71.57
23.20,66.99,65.19,81.67,86.97,61.85,78.07,73.46
23.23,72.31,69.84,88.64,91.68,68.63,71.82,77.15
23.27,72.32,69.82,88.07,91.46,70.41,73.24,77.55
23.30,73.13,70.36,87.02,92.10,74.43,75.41,78.74
23.33,73.09,70.22,86.01,91.92,75.72,77.01,78.99
23.37,73.23,70.23,85.58,91.51,77.38,78.56,79.41
23.40,73.48,70.43,85.90,90.99,80.07,80.02,80.15
23.43,73.61,70.34,86.22,90.78,80.63,83.44,80.84
23.47,73.79,70.32,86.01,89.96,81.16,86.38,81.27
23.50,73.53,69.99,85.60,89.40,82.41,89.75,81.78
23.53,73.38,69.76,85.39,88.63,83.77,93.18,82.35
23.57,73.38,69.71,85.53,88.36,85.74,92.14,82.48
23.60,73.49,69.66,84.54,87.27,81.27,83.02,79.88
23.63,74.17,70.33,85.63,87.55,81.02,79.83,79.75
23.67,74.50,70.62,86.20,87.01,85.27,76.02,79.94
23.70,74.90,70.95,87.43,86.09,91.35,75.34,81.01
23.73,73.67,69.61,84.32,81.26,83.33,74.60,77.80
23.77,73.65,69.41,84.03,80.90,82.32,76.14,77.74
23.80,73.04,68.91,84.56,79.40,86.00,79.58,78.58
23.83,73.23,69.04,85.49,77.86,86.80,79.17,78.60
23.87,74.96,70.60,90.72,78.46,84.96,79.48,79.86
23.90,75.79,71.65,92.68,78.56,82.09,78.84,79.94
23.93,76.28,71.98,98.54,78.08,81.30,78.72,80.82
23.97,75.46,71.04,97.01,75.27,82.17,77.94,79.81
24.00,75.77,71.41,92.88,73.91,84.79,77.87,79.44
24.03,75.77,71.28,92.94,74.45,80.76,81.39,79.43
24.07,77.83,72.62,86.76,73.03,91.35,74.23,79.30
24.10,77.84,72.64,86.87,73.60,85.13,76.63,78.78
24.13,77.91,72.71,86.94,74.12,80.03,79.28,78.50
24.17,77.73,72.54,86.27,74.26,77.19,82.53,78.42
24.20,77.69,72.50,85.95,74.72,75.32,87.91,79.02
24.23,78.14,72.92,85.52,75.56,72.90,90.13,79.19
24.27,78.55,73.11,85.95,76.10,70.98,93.42,79.69
24.30,79.19,73.72,87.15,77.02,69.95,90.18,79.53
24.33,79.51,74.06,88.33,78.21,69.08,85.06,79.04
24.37,79.59,74.36,89.29,79.32,67.98,77.90,78.07
24.40,79.51,74.30,89.62,80.92,66.64,76.32,77.89
24.43,79.42,74.08,89.98,81.68,65.27,73.78,77.37
24.47,77.14,70.39,78.47,74.24,68.40,77.57,74.37
24.50,71.41,66.45,68.74,68.68,78.27,77.21,71.79
24.53,71.76,67.39,68.11,67.72,72.63,77.44,70.84
24.57,72.14,67.51,69.23,67.48,70.61,76.28,70.54
24.60,72.24,67.73,69.43,67.18,74.14,76.18,71.15
24.63,70.74,67.40,67.96,65.86,73.54,77.41,70.48
24.67,70.16,68.30,69.44,67.10,73.13,75.28,70.57
24.70,68.83,67.22,69.68,64.73,71.52,69.26,68.54
24.73,72.96,71.01,76.56,70.66,74.80,70.22,72.70
24.77,73.92,72.36,78.52,72.31,75.37,69.52,73.67
24.80,74.64,73.50,79.00,73.26,73.13,70.69,74.04
24.83,75.16,74.62,80.43,76.30,73.86,72.64,75.50
24.87,74.98,74.47,80.63,76.77,74.91,74.90,76.11
24.90,74.83,74.28,81.28,77.17,76.53,75.64,76.62
24.93,74.79,74.06,81.57,77.64,78.10,76.86,77.17
24.97,74.81,73.83,81.87,77.78,78.71,77.43,77.41
25.00,74.95,73.73,82.02,78.16,79.88,78.57,77.89
25.03,74.95,73.49,82.50,78.00,81.93,78.66,78.25
25.07,74.83,73.16,82.80,78.04,82.38,78.53,78.29
25.10,74.78,73.03,82.84,78.08,83.45,78.92,78.52
25.13,74.69,72.87,82.88,77.80,83.22,78.03,78.25
25.17,74.48,72.62,82.75,77.75,83.12,79.72,78.41
25.20,74.38,72.55,82.59,78.13,83.09,81.73,78.74
25.23,74.23,72.42,82.24,78.03,83.07,81.87,78.64
25.27,73.96,72.13,82.12,77.45,83.02,81.04,78.29
25.30,73.62,71.80,81.66,76.87,81.97,78.13,77.34
25.33,73.28,71.57,80.68,76.46,79.71,77.18,76.48
25.37,72.90,71.16,79.68,75.88,77.57,76.56,75.62
25.40,72.71,70.92,79.13,75.61,76.67,76.24,75.21
25.43,72.08,70.31,77.55,74.60,73.94,74.69,73.87
25.47,71.63,70.06,76.55,74.33,71.94,74.23,73.12
25.50,71.33,69.96,75.73,74.15,71.04,74.22,72.74
25.53,71.17,69.98,75.76,74.09,71.06,74.31,72.73
25.57,70.87,70.06,75.79,74.14,71.12,74.28,72.71
25.60,66.98,65.29,69.08,69.01,66.74,73.81,68.48
25.63,66.67,64.78,68.81,68.70,67.67,74.64,68.55
25.67,66.07,64.16,68.35,68.20,67.01,73.98,67.96
25.70,66.54,64.59,69.50,68.49,67.04,73.97,68.35
25.73,69.91,67.76,75.52,72.49,71.30,79.84,72.80
25.77,69.95,67.74,75.65,72.50,71.35,79.89,72.85
25.80,69.96,67.74,75.68,72.53,71.23,79.86,72.83
25.83,70.00,67.76,75.76,72.60,71.29,79.89,72.88
25.87,70.18,67.73,73.83,72.13,68.86,75.92,71.44
25.90,70.33,67.88,72.67,71.97,67.60,74.31,70.79
25.93,47.60,46.43,42.82,47.11,42.12,45.46,45.26
25.97,41.51,40.79,38.94,40.77,35.66,38.67,39.39
26.00,54.74,53.83,52.18,55.54,47.06,54.17,52.92
26.03,60.32,59.29,58.49,61.93,52.99,60.93,58.99
26.07,62.03,61.15,60.31,63.96,55.08,62.34,60.81
26.10,62.74,62.02,61.33,64.69,56.23,62.58,61.60
26.13,63.50,62.80,62.28,65.52,57.29,63.78,62.53
26.17,64.81,64.18,64.21,67.04,59.23,65.05,64.09
26.20,64.45,63.54,63.69,66.11,58.68,63.78,63.37
26.23,64.70,63.77,64.02,66.20,59.12,63.89,63.62
26.27,67.10,66.18,67.36,68.40,62.65,65.76,66.24
26.30,68.12,67.17,68.69,69.59,64.22,66.79,67.43
